단계,항목,분류,제목,PDF 링크,유튜브 링크,설명,썸네일(웹앱만)
,bilingual-education,,이중언어 교육 운영 보고서,sample/report.pdf,,견본 자료입니다. 한 해 동안의 운영 계획과 결과를 정리한 보고서 형식입니다.,
,bilingual-education,,수업 영상,,https://www.youtube.com/watch?v=aqz-KE-bpKQ,견본 영상입니다.,
,bilingual-education,,발표자료,sample/slides.pdf,,견본 자료입니다. 가로형 발표자료(PPT를 PDF로 저장)입니다.,
,kls-prerequisite,,KLS 기초 한국어 선이수제 발표자료,sample/slides.pdf,,견본 자료입니다.,
,peer-mentoring,,또래멘토링 활동 영상,,aqz-KE-bpKQ,견본 영상입니다.,
1 초기 적응 지원,단계 소개,,,sample/intro-cards.pdf,,,
1 초기 적응 지원,KLS 기초 한국어 선이수제,소개,,sample/intro-cards.pdf,,,
1 초기 적응 지원,생활적응교육,소개,,sample/intro-cards.pdf,,,
1 초기 적응 지원,생활적응교육,,앱A,https://docs.google.com/spreadsheets/d/1AbCdEfGhIjKlMnOpQrStUvWxYz012345/edit,,,https://drive.google.com/file/d/1ZZZZZZZZZZZZZZZZZZZZZZZZ/view
1 초기 적응 지원,생활적응교육,,앱B,https://docs.google.com/document/d/1BbCdEfGhIjKlMnOpQrStUvWxYz012345/edit,,,그냥글자
